Workbook

Sheet KPI Framework

Sheet Scoring Configuration
A4: KPI | B4: Weight (%)
A5: On-Time Delivery % | B5: 30
A6: Defect Rate % | B6: 25
A7: Cost Competitiveness | B7: 20
A8: Average Lead Time | B8: 15
A9: Target Achievement | B9: 10
A10: Total | B10: 100
A13: Score Range | B13: Rating | C13: Recommended Action
A14: 90–100 | B14: Excellent | C14: Strategic Partner
A15: 75–89 | B15: Good | C15: Preferred Supplier
A16: 60–74 | B16: Average | C16: Monitor Performance
A17: Below 60 | B17: Poor | C17: Corrective Action Plan

Sheet Supplier Scorecard
A1: Supplier_ID | B1: Supplier_Name | C1: Supplier Category | D1: Total PO | E1: Total Spend | F1: Ordered Qty | G1: Received Qty | H1: Accepted Qty | I1: Rejected Qty | J1: On-Time Deliver | K1: On-Time Delivery % | L1: Late Delivery | M1: Late Delivery % | N1: Avg Lead Time | O1: Defect Rate % | P1: Acceptance Rate % | Q1: Avg Unit Price | R1: On Time Score | S1: Quality Score | T1: Lead Time Score | U1: Cost Score | V1: Final Score | W1: Rating
A2: SUP001 | B2: =_xlfn.XLOOKUP(A2,Supplier_Master!A$2:A$36,Supplier_Master!B$2:B$36) -> Nexus Industrial Supplies | C2: =_xlfn.XLOOKUP(A2,Supplier_Master!A$2:A$36,Supplier_Master!C$2:C$36) -> Raw Material | D2: =COUNTIF(tblPO[Supplier_ID],A2) -> 156 | E2: =SUMIF(tblPO[Supplier_ID],A2,tblPO[Purchase_Value]) -> 5203540.4 | F2: =SUMIF(tblPO[Supplier_ID],A2,tblPO[Ordered_Quantity]) -> 27127 | G2: =SUMIF(tblPO[Supplier_ID],A2,tblPO[Received_Quantity]) -> 26843 | H2: =SUMIFS(tblQuality[Accepted_Quantity],tblPO[Supplier_ID],A2) -> 26617 | I2: =SUMIFS(tblQuality[Rejected_Quantity],tblPO[Supplier_ID],A2) -> 226 | J2: =SUMIFS(tblPO[On_Time_Flag],tblPO[Supplier_ID],A2) -> 152 | K2: =J2/D2 -> 0.97435897 | L2: =SUMIFS(tblPO[Late Flag],tblPO[Supplier_ID],A2) -> 4 | M2: =L2/D2 -> 0.025641026 | N2: =AVERAGEIFS(tblPO[Lead time Days],tblPO[Supplier_ID],A2) -> 8.9615385 | O2: =I2/G2 -> 0.0084193272 | P2: =H2/G2 -> 0.99158067 | Q2: =E2/F2 -> 191.82145 | R2: =K2*100 -> 97.435897 | S2: =(1-O2)*100 -> 99.158067 | T2: =ROUND((MAX($N$2:$N$36)-N2)/(MAX($N$2:$N$36)-MIN($N$2:$N$36))*100,0) -> 100 | U2: =(MAX($Q$2:$Q$36)-Q2)/(MAX($Q$2:$Q$36)-MIN($Q$2:$Q$36))*100 -> 93.467511 | V2: =ROUND((R2*30%)+(S2*25%)+(T2*20%)+(U2*25%),1) -> 97.4 | W2: =IF(V2>=90,"Excellent", IF(V2>=75,"Good", IF(V2>=60,"Average","Poor"))) -> Excellent
A3: SUP002 | B3: =_xlfn.XLOOKUP(A3,Supplier_Master!A$2:A$36,Supplier_Master!B$2:B$36) -> GlobalPharma Ingredients | C3: =_xlfn.XLOOKUP(A3,Supplier_Master!A$2:A$36,Supplier_Master!C$2:C$36) -> Chemical | D3: =COUNTIF(tblPO[Supplier_ID],A3) -> 151 | E3: =SUMIF(tblPO[Supplier_ID],A3,tblPO[Purchase_Value]) -> 4553665.9 | F3: =SUMIF(tblPO[Supplier_ID],A3,tblPO[Ordered_Quantity]) -> 55177 | G3: =SUMIF(tblPO[Supplier_ID],A3,tblPO[Received_Quantity]) -> 54898 | H3: =SUMIFS(tblQuality[Accepted_Quantity],tblPO[Supplier_ID],A3) -> 54200 | I3: =SUMIFS(tblQuality[Rejected_Quantity],tblPO[Supplier_ID],A3) -> 698 | J3: =SUMIFS(tblPO[On_Time_Flag],tblPO[Supplier_ID],A3) -> 142 | K3: =J3/D3 -> 0.94039735 | L3: =SUMIFS(tblPO[Late Flag],tblPO[Supplier_ID],A3) -> 9 | M3: =L3/D3 -> 0.059602649 | N3: =AVERAGEIFS(tblPO[Lead time Days],tblPO[Supplier_ID],A3) -> 20.172185 | O3: =I3/G3 -> 0.012714489 | P3: =H3/G3 -> 0.98728551 | Q3: =E3/F3 -> 82.528334 | R3: =K3*100 -> 94.039735 | S3: =(1-O3)*100 -> 98.728551 | T3: =ROUND((MAX($N$2:$N$36)-N3)/(MAX($N$2:$N$36)-MIN($N$2:$N$36))*100,0) -> 17 | U3: =(MAX($Q$2:$Q$36)-Q3)/(MAX($Q$2:$Q$36)-MIN($Q$2:$Q$36))*100 -> 98.130208 | V3: =ROUND((R3*30%)+(S3*25%)+(T3*20%)+(U3*25%),1) -> 80.8 | W3: =IF(V3>=90,"Excellent", IF(V3>=75,"Good", IF(V3>=60,"Average","Poor"))) -> Good
A4: SUP003 | B4: =_xlfn.XLOOKUP(A4,Supplier_Master!A$2:A$36,Supplier_Master!B$2:B$36) -> Apex Components Ltd | C4: =_xlfn.XLOOKUP(A4,Supplier_Master!A$2:A$36,Supplier_Master!C$2:C$36) -> Mechanical Component | D4: =COUNTIF(tblPO[Supplier_ID],A4) -> 127 | E4: =SUMIF(tblPO[Supplier_ID],A4,tblPO[Purchase_Value]) -> 7584136.2 | F4: =SUMIF(tblPO[Supplier_ID],A4,tblPO[Ordered_Quantity]) -> 8008 | G4: =SUMIF(tblPO[Supplier_ID],A4,tblPO[Received_Quantity]) -> 7965 | H4: =SUMIFS(tblQuality[Accepted_Quantity],tblPO[Supplier_ID],A4) -> 7893 | I4: =SUMIFS(tblQuality[Rejected_Quantity],tblPO[Supplier_ID],A4) -> 72 | J4: =SUMIFS(tblPO[On_Time_Flag],tblPO[Supplier_ID],A4) -> 121 | K4: =J4/D4 -> 0.95275591 | L4: =SUMIFS(tblPO[Late Flag],tblPO[Supplier_ID],A4) -> 6 | M4: =L4/D4 -> 0.047244094 | N4: =AVERAGEIFS(tblPO[Lead time Days],tblPO[Supplier_ID],A4) -> 9.2283465 | O4: =I4/G4 -> 0.009039548 | P4: =H4/G4 -> 0.99096045 | Q4: =E4/F4 -> 947.06995 | R4: =K4*100 -> 95.275591 | S4: =(1-O4)*100 -> 99.096045 | T4: =ROUND((MAX($N$2:$N$36)-N4)/(MAX($N$2:$N$36)-MIN($N$2:$N$36))*100,0) -> 98 | U4: =(MAX($Q$2:$Q$36)-Q4)/(MAX($Q$2:$Q$36)-MIN($Q$2:$Q$36))*100 -> 61.246863 | V4: =ROUND((R4*30%)+(S4*25%)+(T4*20%)+(U4*25%),1) -> 88.3 | W4: =IF(V4>=90,"Excellent", IF(V4>=75,"Good", IF(V4>=60,"Average","Poor"))) -> Good
A5: SUP004 | B5: =_xlfn.XLOOKUP(A5,Supplier_Master!A$2:A$36,Supplier_Master!B$2:B$36) -> SwiftPack Solutions | C5: =_xlfn.XLOOKUP(A5,Supplier_Master!A$2:A$36,Supplier_Master!C$2:C$36) -> Packaging | D5: =COUNTIF(tblPO[Supplier_ID],A5) -> 108 | E5: =SUMIF(tblPO[Supplier_ID],A5,tblPO[Purchase_Value]) -> 2172717.5 | F5: =SUMIF(tblPO[Supplier_ID],A5,tblPO[Ordered_Quantity]) -> 37710 | G5: =SUMIF(tblPO[Supplier_ID],A5,tblPO[Received_Quantity]) -> 37485 | H5: =SUMIFS(tblQuality[Accepted_Quantity],tblPO[Supplier_ID],A5) -> 36799 | I5: =SUMIFS(tblQuality[Rejected_Quantity],tblPO[Supplier_ID],A5) -> 686 | J5: =SUMIFS(tblPO[On_Time_Flag],tblPO[Supplier_ID],A5) -> 99 | K5: =J5/D5 -> 0.91666667 | L5: =SUMIFS(tblPO[Late Flag],tblPO[Supplier_ID],A5) -> 9 | M5: =L5/D5 -> 0.083333333 | N5: =AVERAGEIFS(tblPO[Lead time Days],tblPO[Supplier_ID],A5) -> 10.574074 | O5: =I5/G5 -> 0.018300654 | P5: =H5/G5 -> 0.98169935 | Q5: =E5/F5 -> 57.616481 | R5: =K5*100 -> 91.666667 | S5: =(1-O5)*100 -> 98.169935 | T5: =ROUND((MAX($N$2:$N$36)-N5)/(MAX($N$2:$N$36)-MIN($N$2:$N$36))*100,0) -> 88 | U5: =(MAX($Q$2:$Q$36)-Q5)/(MAX($Q$2:$Q$36)-MIN($Q$2:$Q$36))*100 -> 99.193005 | V5: =ROUND((R5*30%)+(S5*25%)+(T5*20%)+(U5*25%),1) -> 94.4 | W5: =IF(V5>=90,"Excellent", IF(V5>=75,"Good", IF(V5>=60,"Average","Poor"))) -> Excellent
A6: SUP005 | B6: =_xlfn.XLOOKUP(A6,Supplier_Master!A$2:A$36,Supplier_Master!B$2:B$36) -> Elecro Systems GmbH | C6: =_xlfn.XLOOKUP(A6,Supplier_Master!A$2:A$36,Supplier_Master!C$2:C$36) -> Electrical Component | D6: =COUNTIF(tblPO[Supplier_ID],A6) -> 111 | E6: =SUMIF(tblPO[Supplier_ID],A6,tblPO[Purchase_Value]) -> 9511777.3 | F6: =SUMIF(tblPO[Supplier_ID],A6,tblPO[Ordered_Quantity]) -> 5464 | G6: =SUMIF(tblPO[Supplier_ID],A6,tblPO[Received_Quantity]) -> 5421 | H6: =SUMIFS(tblQuality[Accepted_Quantity],tblPO[Supplier_ID],A6) -> 5393 | I6: =SUMIFS(tblQuality[Rejected_Quantity],tblPO[Supplier_ID],A6) -> 28 | J6: =SUMIFS(tblPO[On_Time_Flag],tblPO[Supplier_ID],A6) -> 110 | K6: =J6/D6 -> 0.99099099 | L6: =SUMIFS(tblPO[Late Flag],tblPO[Supplier_ID],A6) -> 1 | M6: =L6/D6 -> 0.009009009 | N6: =AVERAGEIFS(tblPO[Lead time Days],tblPO[Supplier_ID],A6) -> 19.135135 | O6: =I6/G6 -> 0.0051650987 | P6: =H6/G6 -> 0.9948349 | Q6: =E6/F6 -> 1740.8084 | R6: =K6*100 -> 99.099099 | S6: =(1-O6)*100 -> 99.48349 | T6: =ROUND((MAX($N$2:$N$36)-N6)/(MAX($N$2:$N$36)-MIN($N$2:$N$36))*100,0) -> 25 | U6: =(MAX($Q$2:$Q$36)-Q6)/(MAX($Q$2:$Q$36)-MIN($Q$2:$Q$36))*100 -> 27.384144 | V6: =ROUND((R6*30%)+(S6*25%)+(T6*20%)+(U6*25%),1) -> 66.4 | W6: =IF(V6>=90,"Excellent", IF(V6>=75,"Good", IF(V6>=60,"Average","Poor"))) -> Average
A7: SUP006 | B7: =_xlfn.XLOOKUP(A7,Supplier_Master!A$2:A$36,Supplier_Master!B$2:B$36) -> PrimeChem Industries | C7: =_xlfn.XLOOKUP(A7,Supplier_Master!A$2:A$36,Supplier_Master!C$2:C$36) -> Chemical | D7: =COUNTIF(tblPO[Supplier_ID],A7) -> 113 | E7: =SUMIF(tblPO[Supplier_ID],A7,tblPO[Purchase_Value]) -> 2821323 | F7: =SUMIF(tblPO[Supplier_ID],A7,tblPO[Ordered_Quantity]) -> 40476 | G7: =SUMIF(tblPO[Supplier_ID],A7,tblPO[Received_Quantity]) -> 40307 | H7: =SUMIFS(tblQuality[Accepted_Quantity],tblPO[Supplier_ID],A7) -> 39419 | I7: =SUMIFS(tblQuality[Rejected_Quantity],tblPO[Supplier_ID],A7) -> 888 | J7: =SUMIFS(tblPO[On_Time_Flag],tblPO[Supplier_ID],A7) -> 102 | K7: =J7/D7 -> 0.90265487 | L7: =SUMIFS(tblPO[Late Flag],tblPO[Supplier_ID],A7) -> 11 | M7: =L7/D7 -> 0.097345133 | N7: =AVERAGEIFS(tblPO[Lead time Days],tblPO[Supplier_ID],A7) -> 9.5840708 | O7: =I7/G7 -> 0.022030913 | P7: =H7/G7 -> 0.97796909 | Q7: =E7/F7 -> 69.703603 | R7: =K7*100 -> 90.265487 | S7: =(1-O7)*100 -> 97.796909 | T7: =ROUND((MAX($N$2:$N$36)-N7)/(MAX($N$2:$N$36)-MIN($N$2:$N$36))*100,0) -> 95 | U7: =(MAX($Q$2:$Q$36)-Q7)/(MAX($Q$2:$Q$36)-MIN($Q$2:$Q$36))*100 -> 98.67734 | V7: =ROUND((R7*30%)+(S7*25%)+(T7*20%)+(U7*25%),1) -> 95.2 | W7: =IF(V7>=90,"Excellent", IF(V7>=75,"Good", IF(V7>=60,"Average","Poor"))) -> Excellent
A8: SUP007 | B8: =_xlfn.XLOOKUP(A8,Supplier_Master!A$2:A$36,Supplier_Master!B$2:B$36) -> BestPack International | C8: =_xlfn.XLOOKUP(A8,Supplier_Master!A$2:A$36,Supplier_Master!C$2:C$36) -> Packaging | D8: =COUNTIF(tblPO[Supplier_ID],A8) -> 103 | E8: =SUMIF(tblPO[Supplier_ID],A8,tblPO[Purchase_Value]) -> 1770957.8 | F8: =SUMIF(tblPO[Supplier_ID],A8,tblPO[Ordered_Quantity]) -> 41564 | G8: =SUMIF(tblPO[Supplier_ID],A8,tblPO[Received_Quantity]) -> 41315 | H8: =SUMIFS(tblQuality[Accepted_Quantity],tblPO[Supplier_ID],A8) -> 39364 | I8: =SUMIFS(tblQuality[Rejected_Quantity],tblPO[Supplier_ID],A8) -> 1951 | J8: =SUMIFS(tblPO[On_Time_Flag],tblPO[Supplier_ID],A8) -> 79 | K8: =J8/D8 -> 0.76699029 | L8: =SUMIFS(tblPO[Late Flag],tblPO[Supplier_ID],A8) -> 24 | M8: =L8/D8 -> 0.23300971 | N8: =AVERAGEIFS(tblPO[Lead time Days],tblPO[Supplier_ID],A8) -> 22.553398 | O8: =I8/G8 -> 0.047222558 | P8: =H8/G8 -> 0.95277744 | Q8: =E8/F8 -> 42.607974 | R8: =K8*100 -> 76.699029 | S8: =(1-O8)*100 -> 95.277744 | T8: =ROUND((MAX($N$2:$N$36)-N8)/(MAX($N$2:$N$36)-MIN($N$2:$N$36))*100,0) -> 0 | U8: =(MAX($Q$2:$Q$36)-Q8)/(MAX($Q$2:$Q$36)-MIN($Q$2:$Q$36))*100 -> 99.833302 | V8: =ROUND((R8*30%)+(S8*25%)+(T8*20%)+(U8*25%),1) -> 71.8 | W8: =IF(V8>=90,"Excellent", IF(V8>=75,"Good", IF(V8>=60,"Average","Poor"))) -> Average
A9: SUP008 | B9: =_xlfn.XLOOKUP(A9,Supplier_Master!A$2:A$36,Supplier_Master!B$2:B$36) -> TechMet Alloys | C9: =_xlfn.XLOOKUP(A9,Supplier_Master!A$2:A$36,Supplier_Master!C$2:C$36) -> Raw Material | D9: =COUNTIF(tblPO[Supplier_ID],A9) -> 91 | E9: =SUMIF(tblPO[Supplier_ID],A9,tblPO[Purchase_Value]) -> 2941532.1 | F9: =SUMIF(tblPO[Supplier_ID],A9,tblPO[Ordered_Quantity]) -> 18144 | G9: =SUMIF(tblPO[Supplier_ID],A9,tblPO[Received_Quantity]) -> 18042 | H9: =SUMIFS(tblQuality[Accepted_Quantity],tblPO[Supplier_ID],A9) -> 17685 | I9: =SUMIFS(tblQuality[Rejected_Quantity],tblPO[Supplier_ID],A9) -> 357 | J9: =SUMIFS(tblPO[On_Time_Flag],tblPO[Supplier_ID],A9) -> 82 | K9: =J9/D9 -> 0.9010989 | L9: =SUMIFS(tblPO[Late Flag],tblPO[Supplier_ID],A9) -> 9 | M9: =L9/D9 -> 0.098901099 | N9: =AVERAGEIFS(tblPO[Lead time Days],tblPO[Supplier_ID],A9) -> 10.274725 | O9: =I9/G9 -> 0.019787163 | P9: =H9/G9 -> 0.98021284 | Q9: =E9/F9 -> 162.12148 | R9: =K9*100 -> 90.10989 | S9: =(1-O9)*100 -> 98.021284 | T9: =ROUND((MAX($N$2:$N$36)-N9)/(MAX($N$2:$N$36)-MIN($N$2:$N$36))*100,0) -> 90 | U9: =(MAX($Q$2:$Q$36)-Q9)/(MAX($Q$2:$Q$36)-MIN($Q$2:$Q$36))*100 -> 94.73458 | V9: =ROUND((R9*30%)+(S9*25%)+(T9*20%)+(U9*25%),1) -> 93.2 | W9: =IF(V9>=90,"Excellent", IF(V9>=75,"Good", IF(V9>=60,"Average","Poor"))) -> Excellent
A10: SUP009 | B10: =_xlfn.XLOOKUP(A10,Supplier_Master!A$2:A$36,Supplier_Master!B$2:B$36) -> FusionElec Components | C10: =_xlfn.XLOOKUP(A10,Supplier_Master!A$2:A$36,Supplier_Master!C$2:C$36) -> Electrical Component | D10: =COUNTIF(tblPO[Supplier_ID],A10) -> 88 | E10: =SUMIF(tblPO[Supplier_ID],A10,tblPO[Purchase_Value]) -> 9779869.7 | F10: =SUMIF(tblPO[Supplier_ID],A10,tblPO[Ordered_Quantity]) -> 4340 | G10: =SUMIF(tblPO[Supplier_ID],A10,tblPO[Received_Quantity]) -> 4297 | H10: =SUMIFS(tblQuality[Accepted_Quantity],tblPO[Supplier_ID],A10) -> 4265 | I10: =SUMIFS(tblQuality[Rejected_Quantity],tblPO[Supplier_ID],A10) -> 32 | J10: =SUMIFS(tblPO[On_Time_Flag],tblPO[Supplier_ID],A10) -> 87 | K10: =J10/D10 -> 0.98863636 | L10: =SUMIFS(tblPO[Late Flag],tblPO[Supplier_ID],A10) -> 1 | M10: =L10/D10 -> 0.011363636 | N10: =AVERAGEIFS(tblPO[Lead time Days],tblPO[Supplier_ID],A10) -> 19.272727 | O10: =I10/G10 -> 0.0074470561 | P10: =H10/G10 -> 0.99255294 | Q10: =E10/F10 -> 2253.4262 | R10: =K10*100 -> 98.863636 | S10: =(1-O10)*100 -> 99.255294 | T10: =ROUND((MAX($N$2:$N$36)-N10)/(MAX($N$2:$N$36)-MIN($N$2:$N$36))*100,0) -> 24 | U10: =(MAX($Q$2:$Q$36)-Q10)/(MAX($Q$2:$Q$36)-MIN($Q$2:$Q$36))*100 -> 5.5146854 | V10: =ROUND((R10*30%)+(S10*25%)+(T10*20%)+(U10*25%),1) -> 60.7 | W10: =IF(V10>=90,"Excellent", IF(V10>=75,"Good", IF(V10>=60,"Average","Poor"))) -> Average
A11: SUP010 | B11: =_xlfn.XLOOKUP(A11,Supplier_Master!A$2:A$36,Supplier_Master!B$2:B$36) -> Bharat Raw Materials | C11: =_xlfn.XLOOKUP(A11,Supplier_Master!A$2:A$36,Supplier_Master!C$2:C$36) -> Raw Material | D11: =COUNTIF(tblPO[Supplier_ID],A11) -> 84 | E11: =SUMIF(tblPO[Supplier_ID],A11,tblPO[Purchase_Value]) -> 1937314.3 | F11: =SUMIF(tblPO[Supplier_ID],A11,tblPO[Ordered_Quantity]) -> 13938 | G11: =SUMIF(tblPO[Supplier_ID],A11,tblPO[Received_Quantity]) -> 13761 | H11: =SUMIFS(tblQuality[Accepted_Quantity],tblPO[Supplier_ID],A11) -> 12923 | I11: =SUMIFS(tblQuality[Rejected_Quantity],tblPO[Supplier_ID],A11) -> 838 | J11: =SUMIFS(tblPO[On_Time_Flag],tblPO[Supplier_ID],A11) -> 65 | K11: =J11/D11 -> 0.77380952 | L11: =SUMIFS(tblPO[Late Flag],tblPO[Supplier_ID],A11) -> 19 | M11: =L11/D11 -> 0.22619048 | N11: =AVERAGEIFS(tblPO[Lead time Days],tblPO[Supplier_ID],A11) -> 11.119048 | O11: =I11/G11 -> 0.060896737 | P11: =H11/G11 -> 0.93910326 | Q11: =E11/F11 -> 138.99514 | R11: =K11*100 -> 77.380952 | S11: =(1-O11)*100 -> 93.910326 | T11: =ROUND((MAX($N$2:$N$36)-N11)/(MAX($N$2:$N$36)-MIN($N$2:$N$36))*100,0) -> 84 | U11: =(MAX($Q$2:$Q$36)-Q11)/(MAX($Q$2:$Q$36)-MIN($Q$2:$Q$36))*100 -> 95.721203 | V11: =ROUND((R11*30%)+(S11*25%)+(T11*20%)+(U11*25%),1) -> 87.4 | W11: =IF(V11>=90,"Excellent", IF(V11>=75,"Good", IF(V11>=60,"Average","Poor"))) -> Good
A12: SUP011 | B12: =_xlfn.XLOOKUP(A12,Supplier_Master!A$2:A$36,Supplier_Master!B$2:B$36) -> EuroChem AG | C12: =_xlfn.XLOOKUP(A12,Supplier_Master!A$2:A$36,Supplier_Master!C$2:C$36) -> Chemical | D12: =COUNTIF(tblPO[Supplier_ID],A12) -> 66 | E12: =SUMIF(tblPO[Supplier_ID],A12,tblPO[Purchase_Value]) -> 2006880.5 | F12: =SUMIF(tblPO[Supplier_ID],A12,tblPO[Ordered_Quantity]) -> 22822 | G12: =SUMIF(tblPO[Supplier_ID],A12,tblPO[Received_Quantity]) -> 22706 | H12: =SUMIFS(tblQuality[Accepted_Quantity],tblPO[Supplier_ID],A12) -> 22549 | I12: =SUMIFS(tblQuality[Rejected_Quantity],tblPO[Supplier_ID],A12) -> 157 | J12: =SUMIFS(tblPO[On_Time_Flag],tblPO[Supplier_ID],A12) -> 65 | K12: =J12/D12 -> 0.98484848 | L12: =SUMIFS(tblPO[Late Flag],tblPO[Supplier_ID],A12) -> 1 | M12: =L12/D12 -> 0.015151515 | N12: =AVERAGEIFS(tblPO[Lead time Days],tblPO[Supplier_ID],A12) -> 19.454545 | O12: =I12/G12 -> 0.0069144719 | P12: =H12/G12 -> 0.99308553 | Q12: =E12/F12 -> 87.936223 | R12: =K12*100 -> 98.484848 | S12: =(1-O12)*100 -> 99.308553 | T12: =ROUND((MAX($N$2:$N$36)-N12)/(MAX($N$2:$N$36)-MIN($N$2:$N$36))*100,0) -> 23 | U12: =(MAX($Q$2:$Q$36)-Q12)/(MAX($Q$2:$Q$36)-MIN($Q$2:$Q$36))*100 -> 97.899494 | V12: =ROUND((R12*30%)+(S12*25%)+(T12*20%)+(U12*25%),1) -> 83.4 | W12: =IF(V12>=90,"Excellent", IF(V12>=75,"Good", IF(V12>=60,"Average","Poor"))) -> Good
A13: SUP012 | B13: =_xlfn.XLOOKUP(A13,Supplier_Master!A$2:A$36,Supplier_Master!B$2:B$36) -> PackRight India | C13: =_xlfn.XLOOKUP(A13,Supplier_Master!A$2:A$36,Supplier_Master!C$2:C$36) -> Packaging | D13: =COUNTIF(tblPO[Supplier_ID],A13) -> 64 | E13: =SUMIF(tblPO[Supplier_ID],A13,tblPO[Purchase_Value]) -> 1246546.5 | F13: =SUMIF(tblPO[Supplier_ID],A13,tblPO[Ordered_Quantity]) -> 26408 | G13: =SUMIF(tblPO[Supplier_ID],A13,tblPO[Received_Quantity]) -> 26300 | H13: =SUMIFS(tblQuality[Accepted_Quantity],tblPO[Supplier_ID],A13) -> 25667 | I13: =SUMIFS(tblQuality[Rejected_Quantity],tblPO[Supplier_ID],A13) -> 633 | J13: =SUMIFS(tblPO[On_Time_Flag],tblPO[Supplier_ID],A13) -> 54 | K13: =J13/D13 -> 0.84375 | L13: =SUMIFS(tblPO[Late Flag],tblPO[Supplier_ID],A13) -> 10 | M13: =L13/D13 -> 0.15625 | N13: =AVERAGEIFS(tblPO[Lead time Days],tblPO[Supplier_ID],A13) -> 10.765625 | O13: =I13/G13 -> 0.024068441 | P13: =H13/G13 -> 0.97593156 | Q13: =E13/F13 -> 47.203368 | R13: =K13*100 -> 84.375 | S13: =(1-O13)*100 -> 97.593156 | T13: =ROUND((MAX($N$2:$N$36)-N13)/(MAX($N$2:$N$36)-MIN($N$2:$N$36))*100,0) -> 86 | U13: =(MAX($Q$2:$Q$36)-Q13)/(MAX($Q$2:$Q$36)-MIN($Q$2:$Q$36))*100 -> 99.637252 | V13: =ROUND((R13*30%)+(S13*25%)+(T13*20%)+(U13*25%),1) -> 91.8 | W13: =IF(V13>=90,"Excellent", IF(V13>=75,"Good", IF(V13>=60,"Average","Poor"))) -> Excellent
... A36: SUP035 | B36: =_xlfn.XLOOKUP(A36,Supplier_Master!A$2:A$36,Supplier_Master!B$2:B$36) -> StarRaw Suppliers | C36: =_xlfn.XLOOKUP(A36,Supplier_Master!A$2:A$36,Supplier_Master!C$2:C$36) -> Raw Material | D36: =COUNTIF(tblPO[Supplier_ID],A36) -> 13 | E36: =SUMIF(tblPO[Supplier_ID],A36,tblPO[Purchase_Value]) -> 285577.99 | F36: =SUMIF(tblPO[Supplier_ID],A36,tblPO[Ordered_Quantity]) -> 1704 | G36: =SUMIF(tblPO[Supplier_ID],A36,tblPO[Received_Quantity]) -> 1702 | H36: =SUMIFS(tblQuality[Accepted_Quantity],tblPO[Supplier_ID],A36) -> 1523 | I36: =SUMIFS(tblQuality[Rejected_Quantity],tblPO[Supplier_ID],A36) -> 179 | J36: =SUMIFS(tblPO[On_Time_Flag],tblPO[Supplier_ID],A36) -> 9 | K36: =J36/D36 -> 0.69230769 | L36: =SUMIFS(tblPO[Late Flag],tblPO[Supplier_ID],A36) -> 4 | M36: =L36/D36 -> 0.30769231 | N36: =AVERAGEIFS(tblPO[Lead time Days],tblPO[Supplier_ID],A36) -> 12.692308 | O36: =I36/G36 -> 0.10517039 | P36: =H36/G36 -> 0.89482961 | Q36: =E36/F36 -> 167.59272 | R36: =K36*100 -> 69.230769 | S36: =(1-O36)*100 -> 89.482961 | T36: =ROUND((MAX($N$2:$N$36)-N36)/(MAX($N$2:$N$36)-MIN($N$2:$N$36))*100,0) -> 72 | U36: =(MAX($Q$2:$Q$36)-Q36)/(MAX($Q$2:$Q$36)-MIN($Q$2:$Q$36))*100 -> 94.501164 | V36: =ROUND((R36*30%)+(S36*25%)+(T36*20%)+(U36*25%),1) -> 81.2 | W36: =IF(V36>=90,"Excellent", IF(V36>=75,"Good", IF(V36>=60,"Average","Poor"))) -> Good

Sheet Product_Master
A1: Product_ID | B1: Product_Name | C1: Category | D1: Unit | E1: Standard_Cost
A2: PRD001 | B2: Aluminium Ingot | C2: Raw Material | D2: kg | E2: 85
A3: PRD002 | B3: Steel Coil | C3: Raw Material | D3: kg | E3: 72
A4: PRD003 | B4: Copper Rod | C4: Raw Material | D4: kg | E4: 620
A5: PRD004 | B5: Iron Ore Pellets | C5: Raw Material | D5: MT | E5: 4200
A6: PRD005 | B6: Zinc Oxide | C6: Raw Material | D6: kg | E6: 180
A7: PRD006 | B7: Silica Sand | C7: Raw Material | D7: MT | E7: 3200
A8: PRD007 | B8: Polypropylene Granules | C8: Raw Material | D8: kg | E8: 95
A9: PRD008 | B9: HDPE Resin | C9: Raw Material | D9: kg | E9: 88
A10: PRD009 | B10: PVC Compound | C10: Raw Material | D10: kg | E10: 76
A11: PRD010 | B11: Nylon 66 Pellets | C11: Raw Material | D11: kg | E11: 210
A12: PRD011 | B12: Carbon Black | C12: Raw Material | D12: kg | E12: 145
A13: PRD012 | B13: Titanium Sponge | C13: Raw Material | D13: kg | E13: 1800
... A81: PRD080 | B81: Control Panel Board | C81: Electrical Component | D81: pcs | E81: 22000

Sheet Purchase_Orders
A1: PO_Number | B1: PO_Date | C1: Supplier_ID | D1: Product_ID | E1: Ordered_Quantity | F1: Unit_Price | G1: Expected_Delivery_Date | H1: Actual_Delivery_Date | I1: Received_Quantity | J1: Purchase_Value | K1: On_Time_Flag | L1: Late Flag | M1: Lead time Days
A2: PO00001 | B2: 45298 | C2: SUP002 | D2: PRD045 | E2: 97 | F2: 126.8 | G2: 45318 | H2: 45317 | I2: 97 | J2: 12299.6 | K2: =IF(tblPO[[#This Row],[Actual_Delivery_Date]]<=tblPO[[#This Row],[Expected_Delivery_Date]],1,0) -> 1 | L2: =IF(tblPO[[#This Row],[Actual_Delivery_Date]]>tblPO[[#This Row],[Expected_Delivery_Date]],1,0) -> 0 | M2: =tblPO[[#This Row],[Actual_Delivery_Date]]-tblPO[[#This Row],[PO_Date]] -> 19
A3: PO00002 | B3: 45318 | C3: SUP008 | D3: PRD002 | E3: 483 | F3: 66.17 | G3: 45329 | H3: 45328 | I3: 483 | J3: 31960.11 | K3: =IF(tblPO[[#This Row],[Actual_Delivery_Date]]<=tblPO[[#This Row],[Expected_Delivery_Date]],1,0) -> 1 | L3: =IF(tblPO[[#This Row],[Actual_Delivery_Date]]>tblPO[[#This Row],[Expected_Delivery_Date]],1,0) -> 0 | M3: =tblPO[[#This Row],[Actual_Delivery_Date]]-tblPO[[#This Row],[PO_Date]] -> 10
A4: PO00003 | B4: 45309 | C4: SUP010 | D4: PRD009 | E4: 502 | F4: 59.15 | G4: 45325 | H4: 45322 | I4: 490 | J4: 29693.3 | K4: =IF(tblPO[[#This Row],[Actual_Delivery_Date]]<=tblPO[[#This Row],[Expected_Delivery_Date]],1,0) -> 1 | L4: =IF(tblPO[[#This Row],[Actual_Delivery_Date]]>tblPO[[#This Row],[Expected_Delivery_Date]],1,0) -> 0 | M4: =tblPO[[#This Row],[Actual_Delivery_Date]]-tblPO[[#This Row],[PO_Date]] -> 13
A5: PO00004 | B5: 45318 | C5: SUP004 | D5: PRD035 | E5: 86 | F5: 19.67 | G5: 45332 | H5: 45330 | I5: 86 | J5: 1691.62 | K5: =IF(tblPO[[#This Row],[Actual_Delivery_Date]]<=tblPO[[#This Row],[Expected_Delivery_Date]],1,0) -> 1 | L5: =IF(tblPO[[#This Row],[Actual_Delivery_Date]]>tblPO[[#This Row],[Expected_Delivery_Date]],1,0) -> 0 | M5: =tblPO[[#This Row],[Actual_Delivery_Date]]-tblPO[[#This Row],[PO_Date]] -> 12
A6: PO00005 | B6: 45320 | C6: SUP023 | D6: PRD051 | E6: 20 | F6: 127.61 | G6: 45334 | H6: 45332 | I6: 20 | J6: 2552.2 | K6: =IF(tblPO[[#This Row],[Actual_Delivery_Date]]<=tblPO[[#This Row],[Expected_Delivery_Date]],1,0) -> 1 | L6: =IF(tblPO[[#This Row],[Actual_Delivery_Date]]>tblPO[[#This Row],[Expected_Delivery_Date]],1,0) -> 0 | M6: =tblPO[[#This Row],[Actual_Delivery_Date]]-tblPO[[#This Row],[PO_Date]] -> 12
A7: PO00006 | B7: 45311 | C7: SUP007 | D7: PRD026 | E7: 114 | F7: 268.28 | G7: 45327 | H7: 45336 | I7: 114 | J7: 30583.92 | K7: =IF(tblPO[[#This Row],[Actual_Delivery_Date]]<=tblPO[[#This Row],[Expected_Delivery_Date]],1,0) -> 0 | L7: =IF(tblPO[[#This Row],[Actual_Delivery_Date]]>tblPO[[#This Row],[Expected_Delivery_Date]],1,0) -> 1 | M7: =tblPO[[#This Row],[Actual_Delivery_Date]]-tblPO[[#This Row],[PO_Date]] -> 25
A8: PO00007 | B8: 45292 | C8: SUP003 | D8: PRD063 | E8: 115 | F8: 344.35 | G8: 45300 | H8: 45299 | I8: 115 | J8: 39600.25 | K8: =IF(tblPO[[#This Row],[Actual_Delivery_Date]]<=tblPO[[#This Row],[Expected_Delivery_Date]],1,0) -> 1 | L8: =IF(tblPO[[#This Row],[Actual_Delivery_Date]]>tblPO[[#This Row],[Expected_Delivery_Date]],1,0) -> 0 | M8: =tblPO[[#This Row],[Actual_Delivery_Date]]-tblPO[[#This Row],[PO_Date]] -> 7
A9: PO00008 | B9: 45317 | C9: SUP010 | D9: PRD014 | E9: 198 | F9: 180.26 | G9: 45327 | H9: 45324 | I9: 198 | J9: 35691.48 | K9: =IF(tblPO[[#This Row],[Actual_Delivery_Date]]<=tblPO[[#This Row],[Expected_Delivery_Date]],1,0) -> 1 | L9: =IF(tblPO[[#This Row],[Actual_Delivery_Date]]>tblPO[[#This Row],[Expected_Delivery_Date]],1,0) -> 0 | M9: =tblPO[[#This Row],[Actual_Delivery_Date]]-tblPO[[#This Row],[PO_Date]] -> 7
A10: PO00009 | B10: 45298 | C10: SUP016 | D10: PRD066 | E10: 9 | F10: 5323.46 | G10: 45324 | H10: 45322 | I10: 9 | J10: 47911.14 | K10: =IF(tblPO[[#This Row],[Actual_Delivery_Date]]<=tblPO[[#This Row],[Expected_Delivery_Date]],1,0) -> 1 | L10: =IF(tblPO[[#This Row],[Actual_Delivery_Date]]>tblPO[[#This Row],[Expected_Delivery_Date]],1,0) -> 0 | M10: =tblPO[[#This Row],[Actual_Delivery_Date]]-tblPO[[#This Row],[PO_Date]] -> 24
A11: PO00010 | B11: 45300 | C11: SUP003 | D11: PRD061 | E11: 94 | F11: 696.47 | G11: 45305 | H11: 45308 | I11: 94 | J11: 65468.18 | K11: =IF(tblPO[[#This Row],[Actual_Delivery_Date]]<=tblPO[[#This Row],[Expected_Delivery_Date]],1,0) -> 0 | L11: =IF(tblPO[[#This Row],[Actual_Delivery_Date]]>tblPO[[#This Row],[Expected_Delivery_Date]],1,0) -> 1 | M11: =tblPO[[#This Row],[Actual_Delivery_Date]]-tblPO[[#This Row],[PO_Date]] -> 8
A12: PO00011 | B12: 45302 | C12: SUP005 | D12: PRD074 | E12: 147 | F12: 508.29 | G12: 45314 | H12: 45313 | I12: 147 | J12: 74718.63 | K12: =IF(tblPO[[#This Row],[Actual_Delivery_Date]]<=tblPO[[#This Row],[Expected_Delivery_Date]],1,0) -> 1 | L12: =IF(tblPO[[#This Row],[Actual_Delivery_Date]]>tblPO[[#This Row],[Expected_Delivery_Date]],1,0) -> 0 | M12: =tblPO[[#This Row],[Actual_Delivery_Date]]-tblPO[[#This Row],[PO_Date]] -> 11
A13: PO00012 | B13: 45305 | C13: SUP034 | D13: PRD040 | E13: 660 | F13: 57.59 | G13: 45319 | H13: 45318 | I13: 660 | J13: 38009.4 | K13: =IF(tblPO[[#This Row],[Actual_Delivery_Date]]<=tblPO[[#This Row],[Expected_Delivery_Date]],1,0) -> 1 | L13: =IF(tblPO[[#This Row],[Actual_Delivery_Date]]>tblPO[[#This Row],[Expected_Delivery_Date]],1,0) -> 0 | M13: =tblPO[[#This Row],[Actual_Delivery_Date]]-tblPO[[#This Row],[PO_Date]] -> 13
... A2001: PO02000 | B2001: 45628 | C2001: SUP020 | D2001: PRD021 | E2001: 788 | F2001: 17.22 | G2001: 45654 | H2001: 45653 | I2001: 788 | J2001: 13569.36 | K2001: =IF(tblPO[[#This Row],[Actual_Delivery_Date]]<=tblPO[[#This Row],[Expected_Delivery_Date]],1,0) -> 1 | L2001: =IF(tblPO[[#This Row],[Actual_Delivery_Date]]>tblPO[[#This Row],[Expected_Delivery_Date]],1,0) -> 0 | M2001: =tblPO[[#This Row],[Actual_Delivery_Date]]-tblPO[[#This Row],[PO_Date]] -> 25

Sheet Supplier_Master
A1: Supplier_ID | B1: Supplier_Name | C1: Supplier_Category | D1: Country | E1: City | F1: Supplier_Type | G1: Contract_Start_Date | H1: Payment_Terms | I1: Preferred_Status | J1: Contact_Person | K1: Email | L1: Phone
A2: SUP001 | B2: Nexus Industrial Supplies | C2: Raw Material | D2: India | E2: Chennai | F2: Local | G2: 44539 | H2: Net 45 | I2: Yes | J2: Rajesh Kumar | K2: rajesh.kumar@nexusindustria.com | L2: +91 9095224592
A3: SUP002 | B3: GlobalPharma Ingredients | C3: Chemical | D3: Germany | E3: Frankfurt | F3: International | G3: 44979 | H3: Advance 20% + Net 30 | I3: Yes | J3: Priya Sharma | K3: priya.sharma@globalpharmain.com | L3: +49 7731428289
A4: SUP003 | B4: Apex Components Ltd | C4: Mechanical Component | D4: India | E4: Pune | F4: Local | G4: 44483 | H4: Net 45 | I4: Yes | J4: Amit Patel | K4: amit.patel@apexcomponents.com | L4: +91 9923481482
A5: SUP004 | B5: SwiftPack Solutions | C5: Packaging | D5: India | E5: Mumbai | F5: Local | G5: 44303 | H5: Net 30 | I5: No | J5: Sunita Singh | K5: sunita.singh@swiftpacksolut.com | L5: +91 7097622280
A6: SUP005 | B6: Elecro Systems GmbH | C6: Electrical Component | D6: Germany | E6: Munich | F6: International | G6: 45253 | H6: Advance 20% + Net 30 | I6: Yes | J6: Vikram Iyer | K6: vikram.iyer@elecrosystemsg.com | L6: +49 8839036062
A7: SUP006 | B7: PrimeChem Industries | C7: Chemical | D7: India | E7: Hyderabad | F7: Local | G7: 44843 | H7: Net 30 | I7: No | J7: Kavitha Reddy | K7: kavitha.reddy@primechemindus.com | L7: +91 8374638893
A8: SUP007 | B8: BestPack International | C8: Packaging | D8: China | E8: Shenzhen | F8: International | G8: 45118 | H8: Net 15 | I8: No | J8: Suresh Naidu | K8: suresh.naidu@bestpackintern.com | L8: +86 9486430926
A9: SUP008 | B9: TechMet Alloys | C9: Raw Material | D9: India | E9: Coimbatore | F9: Local | G9: 44595 | H9: Net 45 | I9: No | J9: Meena Gupta | K9: meena.gupta@techmetalloys.com | L9: +91 7509438221
A10: SUP009 | B10: FusionElec Components | C10: Electrical Component | D10: Japan | E10: Osaka | F10: International | G10: 44843 | H10: Net 45 | I10: Yes | J10: Arjun Mehta | K10: arjun.mehta@fusioneleccomp.com | L10: +81 7316957052
A11: SUP010 | B11: Bharat Raw Materials | C11: Raw Material | D11: India | E11: Nagpur | F11: Local | G11: 44970 | H11: Net 30 | I11: No | J11: Deepa Das | K11: deepa.das@bharatrawmater.com | L11: +91 9391170217
A12: SUP011 | B12: EuroChem AG | C12: Chemical | D12: Switzerland | E12: Basel | F12: International | G12: 45227 | H12: Net 60 | I12: Yes | J12: Klaus Muller | K12: klaus.muller@eurochemag.com | L12: +41 8808948427
A13: SUP012 | B13: PackRight India | C13: Packaging | D13: India | E13: Delhi | F13: Local | G13: 44959 | H13: Net 30 | I13: No | J13: Maria Schmidt | K13: maria.schmidt@packrightindia.com | L13: +91 8891835203
... A36: SUP035 | B36: StarRaw Suppliers | C36: Raw Material | D36: India | E36: Nagpur | F36: Local | G36: 44464 | H36: Net 15 | I36: No | J36: Park Choi | K36: park.choi@starrawsupplie.com | L36: +91 9398373699

Sheet Supplier_Performance_Targets
A1: Supplier_ID | B1: Target_On_Time_Delivery | C1: Target_Defect_Rate | D1: Target_Lead_Time_Days
A2: SUP001 | B2: 0.98 | C2: 0.0056 | D2: 14
A3: SUP002 | B3: 0.97 | C3: 0.0084 | D3: 14
A4: SUP003 | B4: 0.98 | C4: 0.007 | D4: 6
A5: SUP004 | B5: 0.93 | C5: 0.0126 | D5: 6
A6: SUP005 | B6: 0.98 | C6: 0.005 | D6: 20
A7: SUP006 | B7: 0.9 | C7: 0.0154 | D7: 13
A8: SUP007 | B8: 0.83 | C8: 0.027 | D8: 14
A9: SUP008 | B9: 0.92 | C9: 0.014 | D9: 9
A10: SUP009 | B10: 0.98 | C10: 0.0063 | D10: 13
A11: SUP010 | B11: 0.8 | C11: 0.033 | D11: 14
A12: SUP011 | B12: 0.98 | C12: 0.005 | D12: 21
A13: SUP012 | B13: 0.91 | C13: 0.0175 | D13: 11
... A36: SUP035 | B36: 0.66 | C36: 0.057 | D36: 10

Sheet Quality_Inspection
A1: PO_Number | B1: Inspection_Status | C1: Accepted_Quantity | D1: Rejected_Quantity | E1: Defect_Type
A2: PO00001 | B2: Accepted with Rework | C2: 96 | D2: 1 | E2: Packaging Damage
A3: PO00002 | B3: Accepted with Rework | C3: 474 | D3: 9 | E3: Surface Defect
A4: PO00003 | B4: Rejected | C4: 457 | D4: 33 | E4: Contamination
A5: PO00004 | B5: Accepted with Rework | C5: 84 | D5: 2 | E5: Packaging Damage
A6: PO00005 | B6: Rejected | C6: 19 | D6: 1 | E6: Wrong Specification
A7: PO00006 | B7: Accepted with Rework | C7: 109 | D7: 5 | E7: Dimension Issue
A8: PO00007 | B8: Accepted with Rework | C8: 113 | D8: 2 | E8: Wrong Specification
A9: PO00008 | B9: Rejected | C9: 184 | D9: 14 | E9: Contamination
A10: PO00009 | B10: Accepted | C10: 9 | D10: 0 | E10: No Defect
A11: PO00010 | B11: Accepted with Rework | C11: 93 | D11: 1 | E11: Dimension Issue
A12: PO00011 | B12: Accepted with Rework | C12: 146 | D12: 1 | E12: Surface Defect
A13: PO00012 | B13: Accepted with Rework | C13: 643 | D13: 17 | E13: Packaging Damage
... A2001: PO02000 | B2001: Accepted with Rework | C2001: 762 | D2001: 26 | E2001: Surface Defect
